<?xml version="1.0" encoding="UTF-8"?>
<Configuration status="warn" monitorInterval="30">
 
    <!-- Logging Properties -->
    <Properties>
        <Property name="LOG_PATTERN">{"ClientIp":"%X{RequestIp}","RequestId":"%X{RequestId}","TimeStamp":"%d{dd-MMM-yyyy HH:mm:ss}","MsgLevel":"%-5p","ClassName":"%c{1}:%L","Message":"%m"}%n</Property>
        <Property name="OSF_LOG_ROOT">${sys:oneservice.logpath}</Property>
        <Property name="OSF_APP">${sys:oneservice.name}</Property>
        <Property name="OSF_LOG_LEVEL">${sys:oneservice.logger:-info}</Property>
        <Property name="OSF_PACKAGE">${sys:oneservice.package}</Property>
        <Property name="OSF_LEVEL_LOG">${sys:oneservice.osfloglevel:-info}</Property>
        <Property name="OSF_LEVEL_ROOT_LOG">${sys:oneservice.rootloglevel:-warn}</Property>
    </Properties>
     
    <Appenders>
     
        <!-- Console Appender -->
        <Console name="Console" target="SYSTEM_OUT" follow="true">
            <PatternLayout pattern="${LOG_PATTERN}"/>
        </Console>
         
        <!-- File Appenders on need basis -->
        <!-- RollingFile name="frameworkLog" fileName="${OSF_LOG_ROOT}/${OSF_APP}-framework.log"
            filePattern="${OSF_LOG_ROOT}/${OSF_APP}-framework-%d{yyyy-MM-dd}-%i.log">
            <LevelRangeFilter minLevel="ERROR" maxLevel="ERROR" onMatch="ACCEPT" onMismatch="DENY"/>
            <PatternLayout pattern="${LOG_PATTERN}"/>
            <Policies>
                <SizeBasedTriggeringPolicy size="19500KB" />
            </Policies>
            <DefaultRolloverStrategy max="10"/>
        </RollingFile -->
         
        <RollingFile name="debugLog" fileName="${OSF_LOG_ROOT}/${OSF_APP}-debug.log"
            filePattern="${OSF_LOG_ROOT}/${OSF_APP}-debug-%d{yyyy-MM-dd}-%i.log">
            <LevelRangeFilter minLevel="DEBUG" maxLevel="DEBUG" onMatch="ACCEPT" onMismatch="DENY"/>
            <PatternLayout pattern="${LOG_PATTERN}"/>
            <Policies>
                <SizeBasedTriggeringPolicy size="19500KB" />
            </Policies>
            <DefaultRolloverStrategy max="10"/>
        </RollingFile>
        
        <RollingFile name="warnLog" fileName="${OSF_LOG_ROOT}/${OSF_APP}-warn.log"
            filePattern="${OSF_LOG_ROOT}/${OSF_APP}-warn-%d{yyyy-MM-dd}-%i.log">
            <LevelRangeFilter minLevel="WARN" maxLevel="WARN" onMatch="ACCEPT" onMismatch="DENY"/>
            <PatternLayout pattern="${LOG_PATTERN}"/>
            <Policies>
                <SizeBasedTriggeringPolicy size="19500KB" />
            </Policies>
            <DefaultRolloverStrategy max="10"/>
        </RollingFile>
         
        <RollingFile name="infoLog" fileName="${OSF_LOG_ROOT}/${OSF_APP}-info.log"
            filePattern="${OSF_LOG_ROOT}/${OSF_APP}-info-%d{yyyy-MM-dd}-%i.log" >
            <LevelRangeFilter minLevel="INFO" maxLevel="INFO" onMatch="ACCEPT" onMismatch="DENY"/>
            <PatternLayout pattern="${LOG_PATTERN}"/>
            <Policies>
                <SizeBasedTriggeringPolicy size="19500KB" />
            </Policies>
            <DefaultRolloverStrategy max="10"/>
        </RollingFile>
         
        <RollingFile name="errorLog" fileName="${OSF_LOG_ROOT}/${OSF_APP}-error.log"
            filePattern="${OSF_LOG_ROOT}/${OSF_APP}-error-%d{yyyy-MM-dd}-%i.log" >
            <LevelRangeFilter minLevel="ERROR" maxLevel="ERROR" onMatch="ACCEPT" onMismatch="DENY"/>
            <PatternLayout pattern="${LOG_PATTERN}"/>
            <Policies>
                <SizeBasedTriggeringPolicy size="19500KB" />
            </Policies>
            <DefaultRolloverStrategy max="10"/>
        </RollingFile>
         
        <RollingFile name="perfLog" fileName="${OSF_LOG_ROOT}/${OSF_APP}-perf.log"
            filePattern="${OSF_LOG_ROOT}/${OSF_APP}-perf-%d{yyyy-MM-dd}-%i.log" >
            <PatternLayout pattern="${LOG_PATTERN}"/>
            <Policies>
                <SizeBasedTriggeringPolicy size="19500KB" />
            </Policies>
            <DefaultRolloverStrategy max="1"/>
        </RollingFile>
         
        <!-- RollingFile name="traceLog" fileName="${OSF_LOG_ROOT}/${OSF_APP}-trace.log"
            filePattern="${OSF_LOG_ROOT}/${OSF_APP}-trace-%d{yyyy-MM-dd}-%i.log" >
            <PatternLayout pattern="${LOG_PATTERN}"/>
            <Policies>
                <SizeBasedTriggeringPolicy size="19500KB" />
            </Policies>
            <DefaultRolloverStrategy max="1"/>
        </RollingFile -->
         
    </Appenders>
 
    <Loggers>
     
        <Logger name="${OSF_PACKAGE}" additivity="false" level="${OSF_LOG_LEVEL}">
            <AppenderRef ref="debugLog" />
            <AppenderRef ref="infoLog" />
            <AppenderRef ref="warnLog" />
            <AppenderRef ref="errorLog" />
            <AppenderRef ref="Console" />
        </Logger>
        
        <Logger name="com.piesoftsol.oneservice" additivity="false" level="${OSF_LEVEL_LOG}">
            <AppenderRef ref="debugLog" />
            <AppenderRef ref="infoLog" />
            <AppenderRef ref="warnLog" />
            <AppenderRef ref="errorLog" />
            <AppenderRef ref="Console"/>
        </Logger>
        
        <Logger name="org.springframework" additivity="false" level="info">
            <AppenderRef ref="perfLog" />
            <AppenderRef ref="Console"/>
        </Logger>
                 
        <Root level="${OSF_LEVEL_ROOT_LOG}">
            <AppenderRef ref="Console"/>
        </Root>
 
    </Loggers>
 
</Configuration>